,time,position,x,velocity,v_m_t,v_m_p
0,0.0,0.021688088398337024,0.9666666666666667,0.009809999999998986,3.278363081006744,3.1395767634241287
1,0.001003344481605351,0.022257101262566747,0.9666666666666667,0.5690128642297232,3.2720480234197398,3.1391867812326484
2,0.002006688963210702,0.023406087624906924,0.9666666666666667,1.1489863623401764,3.2657130780789796,3.1383959638053827
3,0.0030100334448160534,0.025127522170579453,0.9666666666666667,1.7214345456725288,3.2593581823527704,3.1372027345475777
4,0.004013377926421404,0.02741023899502293,0.9666666666666667,2.282716824443476,3.252983273412176,3.1356047566107326
5,0.005016722408026755,0.03023957586736392,0.9666666666666667,2.829336872340993,3.246588288230395,3.1335990175404835
6,0.006020066889632107,0.03359756292878491,0.9666666666666667,3.357987061420986,3.2401731635821385,3.1311819401330996
7,0.007023411371237458,0.03746315278016332,0.9666666666666667,3.865589851378415,3.233737836043004,3.128349517701793
8,0.008026755852842809,0.04181248825680328,0.9666666666666667,4.3493354766399595,3.22728224198885,3.125097471308013
9,0.00903010033444816,0.04661920359842597,0.9666666666666667,4.8067153416226915,3.2208063175951662,3.121421425765342
10,0.01003344481605351,0.05185475421028052,0.9666666666666667,5.235550611854545,3.2143099988364416,3.117317100385126
11,0.011036789297658861,0.05748876978522888,0.9666666666666667,5.634015574948359,3.2077932214855336,3.1127805095291556
12,0.012040133779264214,0.06348942522425216,0.9666666666666667,6.000655439023284,3.201255921113029,3.1078081671070157
13,0.013043478260869565,0.06920538339028981,0.9333333333333333,1.1590111645448653,3.1946980330866133,3.102933033899421
14,0.014046822742474915,0.07061928465926348,0.9333333333333333,1.4139012689736719,3.1881194925704253,3.10170578718468
15,0.015050167224080266,0.0723132881005083,0.9333333333333333,1.694003441244818,3.18152023452442,3.1002241124738963
16,0.016053511705685617,0.0743109309248211,0.9333333333333333,1.9976428243128064,3.1749001937037242,3.0984608908257836
17,0.01705685618729097,0.0766336121080371,0.9333333333333333,2.322681183215991,3.168259304657991,3.0963888325790903
18,0.01806020066889632,0.07930016883627711,0.9333333333333333,2.6665567282400104,3.1615975017307556,3.0939805783233485
19,0.01906354515050167,0.08232650060620905,0.9333333333333333,3.0263317699319447,3.154914719058781,3.09120878887409
20,0.02006688963210702,0.08572524783884783,0.9333333333333333,3.398747232638777,3.148210890571412,3.088046232025822
21,0.021070234113712373,0.08950553076239975,0.9333333333333333,3.7802829235519253,3.141485949989919,3.084465874316303
22,0.022073578595317722,0.09367275311001289,0.9333333333333333,4.167222347613131,3.134739830826843,3.080440986031176
23,0.023076923076923075,0.09822847388720879,0.9333333333333333,4.555720777195904,3.12797246638534,3.075945267211079
24,0.024080267558528427,0.10317034911790712,0.9333333333333333,4.941875230698334,3.1211837897585184,3.0709530014991047
25,0.025083612040133776,0.10849214410495456,0.9333333333333333,5.321794987047435,3.114373733828782,3.0654392432915407
26,0.02608695652173913,0.11381602884242381,0.9,1.4150199274512998,3.1075422312671614,3.0597767340641986
27,0.027090301003344478,0.11545681914791484,0.9,1.6407903054910244,3.100689214532653,3.0580014241833404
28,0.02809364548494983,0.11734257677145155,0.9,1.8857576235367102,3.093814615871547,3.0559432568295497
29,0.02909698996655518,0.11949184792776035,0.9,2.1492711563088074,3.086918367316762,3.053574044953129
30,0.030100334448160532,0.12192221477623444,0.9,2.430366848474086,3.0800004006871675,3.0508645694961287
31,0.03110367892976588,0.12464998246746695,0.9,2.7277676912325077,3.0730606475869164,3.0477846415398937
32,0.032107023411371234,0.12768987301155332,0.9,3.0398905440863766,3.066099039404763,3.0443031671265772
33,0.03311036789297658,0.13105473245876442,0.9,3.3648594472110993,3.0591155073133867,3.040388218436636
34,0.03411371237458194,0.13475525778197395,0.9,3.7005253232095248,3.0521099822687137,3.0360071160059676
35,0.03511705685618729,0.13879974960275088,0.9,4.04449182077693,3.045082395009232,3.0311265275126793
36,0.03612040133779264,0.14319389651307968,0.9,4.3941469103288,3.0380326760553062,3.0257125892963925
37,0.03712374581939799,0.1479405962193533,0.9,4.746699706273616,3.0309607557084917,3.0197310571338467
38,0.03812709030100334,0.15303981808486034,0.9,5.099221865507042,3.023866564050846,3.0131474928237814
39,0.03913043478260869,0.15643806905428626,0.8666666666666667,1.5982336491731086,3.016750030944237,3.0086672823145975
40,0.04013377926421404,0.15824964349012505,0.8666666666666667,1.811574435838792,3.0096110860296483,3.0062480925030055
41,0.0411371237458194,0.16029056553478832,0.8666666666666667,2.0409220446632736,3.002449658726486,3.003496635882351
42,0.042140468227424746,0.16257642585816512,0.8666666666666667,2.2858603233767982,2.9952656782318794,3.000381937551423
43,0.043143812709030095,0.16512217463540696,0.8666666666666667,2.545748777241841,2.98805907351998,2.9968715737010747
44,0.044147157190635444,0.16794189168262752,0.8666666666666667,2.81971704722056,2.9808297733412625,2.992931687116128
45,0.0451505016722408,0.17104855500215616,0.8666666666666667,3.1066633195286353,2.9735777062218163,2.9885270082494624
46,0.04615384615384615,0.17445381191655368,0.8666666666666667,3.4052569143975253,2.966302800462642,2.9836208851645845
47,0.0471571906354515,0.17816775713809713,0.8666666666666667,3.7139452215434465,2.9590049841389416,2.9781753265440982
48,0.048160535117056855,0.1821987222005761,0.8666666666666667,4.0309650624789635,2.9516841850994067,2.972151062827851
49,0.049163879598662204,0.18655308066783644,0.8666666666666667,4.354358467260344,2.9443403309655065,2.965507631330153
50,0.05016722408026755,0.19123507342538948,0.8666666666666667,4.681992757553044,2.936973349130771,2.9582034918382254
51,0.0511705685618729,0.19559383874602504,0.8333333333333334,1.5601802076737892,2.929583166760073,2.9512504638541768
52,0.05217391304347826,0.197346117099917,0.8333333333333334,1.7522783538919673,2.922169710788909,2.9484129022541006
53,0.05317725752508361,0.1993045955352789,0.8333333333333334,1.958478435361899,2.914732907922677,2.9452122994802714
54,0.054180602006688956,0.20148320553326432,0.8333333333333334,2.1786099979854145,2.907272684635951,2.9416154729891675
55,0.055183946488294305,0.20389554255559816,0.8333333333333334,2.4123370223338436,2.899788967171754,2.937587461668406
56,0.05618729096989966,0.20655469222191652,0.8333333333333334,2.659149666318361,2.8922816815408297,2.933091501715029
57,0.05719063545150501,0.2094730505577707,0.8333333333333334,2.9183583358541876,2.8847507535209096,2.9280890058264335
58,0.05819397993311036,0.2126621409140873,0.8333333333333334,3.189090356316593,2.8771961086559807,2.922539548219828
59,0.059197324414715716,0.21613243039512725,0.8333333333333334,3.4702894810399454,2.8696176722555493,2.916400858810779
60,0.060200668896321065,0.21989314882443323,0.8333333333333334,3.760718429305976,2.8620153693939008,2.909628830735651
61,0.061204013377926414,0.2239521134202594,0.8333333333333334,4.058964595826164,2.85438912490936,2.9021775462690234
62,0.06220735785953176,0.2283155624377473,0.8333333333333334,4.363449017487919,2.8467388634035493,2.893999327031207
63,0.06321070234113711,0.23298800105982537,0.8333333333333334,4.672438622078056,2.8390645092406417,2.885044815161671
64,0.06421404682274247,0.23475119066359312,0.8,1.701011278891218,2.831365986546612,2.8816118048205124
65,0.06521739130434782,0.2366411097923109,0.8,1.8899191287177763,2.82364321920849,2.8778987763280686
66,0.06622073578595317,0.23873253516759596,0.8,2.091425375285061,2.8158961308736052,2.8737493528902207
67,0.06722408026755852,0.24103789612933824,0.8,2.3053609617422754,2.808124644948832,2.8691256574970483
68,0.06822742474916388,0.24356931796482567,0.8,2.531421835487435,2.8003286845998345,2.863987699424072
69,0.06923076923076922,0.24633847997250102,0.8,2.769162007675352,2.792508172750305,2.858293318911159
70,0.07023411371237458,0.24935646823279728,0.8,3.017988260296256,2.784663032081201,2.8519981346232317
71,0.07123745819397992,0.25263362494964386,0.8,3.2771567168465854,2.7767931850299856,2.845055496567476
72,0.07224080267558528,0.25617939642181503,0.8,3.5457714721711664,2.7688985537898545,2.8374164479322266
73,0.07324414715719063,0.26000218187304974,0.8,3.8227854512347115,2.7609790603089706,2.8290297001591855
74,0.07424749163879597,0.2641091855086461,0.8,4.107003635596351,2.7530346262896916,2.81984162644312
75,0.07525083612040133,0.26850627426923324,0.8,4.397088760587142,2.7450651731877946,2.8097962797455605
76,0.07625418060200669,0.2705249462709764,0.7666666666666666,1.6549237643956882,2.7370706222117023,2.805111129689499
77,0.07725752508361203,0.272355083396956,0.7666666666666666,1.830137125979625,2.729050894321701,2.8008230858539513
78,0.07826086956521738,0.27437194778887847,0.7666666666666666,2.016864391922446,2.721005910229161,2.7960525317706164
79,0.07926421404682274,0.27658698425364625,0.7666666666666666,2.2150364647677834,2.712935590395751,2.7907583184809064
80,0.08026755852842808,0.279011460997752,0.7666666666666666,2.42447674410573,2.704839855032654,2.7848968936279204
81,0.08127090301003344,0.2816563552911525,0.7666666666666666,2.644894293400535,2.696718624099778,2.778422216330182
82,0.0822742474916388,0.28453223336721367,0.7666666666666666,2.8758780760611558,2.688571817304962,2.7712856719893697
83,0.08327759197324414,0.28764912580734175,0.7666666666666666,3.116892440128083,2.680399354103186,2.763435989173479
84,0.08428093645484949,0.29101639982971483,0.7666666666666666,3.367274022373079,2.6722011536957715,2.754819161435183
85,0.08528428093645483,0.29464263005980107,0.7666666666666666,3.626230230086236,2.663977135029585,2.745378377720496
86,0.08628762541806019,0.2985354695021441,0.7666666666666666,3.8928394423430324,2.655727216796236,2.7350539658849433
87,0.08729096989966555,0.3027015225543018,0.7666666666666666,4.166053052157725,2.64745131743127,2.723783354748165
88,0.08829431438127089,0.3047025662134175,0.7333333333333333,1.6125712649571744,2.639149355113369,2.7182870341938328
89,0.08929765886287624,0.3064790761763839,0.7333333333333333,1.7765099629664105,2.6308212477635355,2.7133618250115576
90,0.0903010033444816,0.3084301397826154,0.7333333333333333,1.9510636062314846,2.6224669130442853,2.707902773585635
91,0.09130434782608694,0.31056636638688745,0.7333333333333333,2.13622660427204,2.614086268358831,2.701865140198009
92,0.0923076923076923,0.312898272329862,0.7333333333333333,2.331905942974555,2.605679230850268,2.695201498204911
93,0.09331103678929765,0.3154361871583419,0.7333333333333333,2.5379148284798703,2.5972457174007526,2.6878616220136275
94,0.094314381270903,0.3181901541969869,0.7333333333333333,2.753967038645,2.588785644630682,2.6797923723535844
95,0.09531772575250835,0.32116982632397184,0.7333333333333333,2.979672126984967,2.580298928897869,2.6709375805303304
96,0.09632107023411371,0.32438435794537807,0.7333333333333333,3.2145316214062247,2.5717854862967156,2.661237933999872
97,0.09732441471571905,0.32784229430002876,0.7333333333333333,3.4579363546506925,2.563245232657384,2.650630866336242
98,0.09832775919732441,0.3315514593550813,0.7333333333333333,3.7091650550525324,2.554678083544963,2.6390504554833667
99,0.09933110367892975,0.3355188436700036,0.7333333333333333,3.9673843149223287,2.546083954258634,2.6264273350758987
100,0.1003344481605351,0.33730666263509246,0.7,1.5731153302150358,2.537462759830834,2.620657831477645
101,0.10133779264214046,0.33903417368639877,0.7,1.7275110513063074,2.5288144150264147,2.6150344571804656
102,0.1023411371237458,0.3409259368610183,0.7,1.8917631746195318,2.5201388343418007,2.6088212512836795
103,0.10334448160535116,0.34299184501698177,0.7,2.0659081559634696,2.511435932004143,2.601969605057102
104,0.10434782608695652,0.34524175513862987,0.7,2.249910121648102,2.502705621970472,2.594427939154527
105,0.10535117056856186,0.3476854102240626,0.7,2.4436550854327055,2.4939478179268466,2.5861415665366367
106,0.10635451505016721,0.35033235586360173,0.7,2.6469456395391555,2.485162433287501,2.5770525502248196
107,0.10735785953177257,0.3531918520997661,0.7,2.8594962361643828,2.4763493811939865,2.567099557177789
108,0.10836120401337791,0.3562727812760984,0.7,3.080929176332292,2.4675085745143184,2.556217710167514
109,0.10936454849498327,0.3595835526974475,0.7,3.3107714213491124,2.4586399258421068,2.54433844020556
110,0.11036789297658861,0.36313200503586995,0.7,3.5484523384224365,2.4497433474956987,2.531389342836124
111,0.11137123745819397,0.3668167056020832,0.6666666666666666,1.398956100811477,2.4408187515173076,2.517701263882749
112,0.11237458193979932,0.3683527251010916,0.6666666666666666,1.5360194990084453,2.431866049672147,2.5119213924231714
113,0.11337792642140467,0.37003489396425787,0.6666666666666666,1.6821688631662446,2.4228851534475537,2.5055411871283026
114,0.11438127090301002,0.371872418508148,0.6666666666666666,1.8375245438901344,2.413875974052117,2.4985110392147645
115,0.11538461538461538,0.37387457014888775,0.6666666666666666,2.0021516407397466,2.404838422414799,2.4907782362287714
116,0.11638795986622072,0.3760506247060178,0.6666666666666666,2.176054557130047,2.395772409184053,2.4822868091452426
117,0.11739130434782608,0.3784097964895274,0.6666666666666666,2.359171783509584,2.3866778447269406,2.4729773714832013
118,0.11839464882943143,0.3809611674890294,0.6666666666666666,2.551370999502034,2.3775546391282476,2.4627869509335873
119,0.11939799331103677,0.38371361207787036,0.6666666666666666,2.752444588840941,2.368402702189594,2.4516488144358135
120,0.12040133779264213,0.3866757177406627,0.6666666666666666,2.962105662792369,2.3592219434285395,2.4394922881649133
121,0.12140468227424749,0.3898557024288757,0.6666666666666666,3.1799846882129557,2.3500122720776924,2.426242574506738
122,0.12240802675585283,0.3932613292441737,0.6666666666666666,3.4056268152979907,2.340773597083811,2.411820568807796
123,0.12341137123745818,0.3963509544907352,0.6333333333333333,1.3705167188431955,2.331505827106902,2.3985257226620487
124,0.12441471571906353,0.3978518691572933,0.6333333333333333,1.5009146665581063,2.3222088705193222,2.3919937838876235
125,0.1254180602006689,0.3994916917977929,0.6333333333333333,1.6398226404996108,2.3128826354048644,2.3848018827646595
126,0.12642140468227422,0.4012790641243148,0.6333333333333333,1.7873723265218744,2.3035270295578574,2.3768963868214645
127,0.12742474916387958,0.40322271283217376,0.6333333333333333,1.9436487078589582,2.2941419604822486,2.3682202928339144
128,0.12842809364548494,0.4053313980622798,0.6333333333333333,2.1086852301060444,2.2847273353906914,2.358713052981768
129,0.1294314381270903,0.4076138571692506,0.6333333333333333,2.28245910697078,2.2752830612036288,2.3483103910992846
130,0.13043478260869565,0.41007874400872046,0.6333333333333333,2.464886839469854,2.2658090445483703,2.3369441092431904
131,0.13143812709030098,0.4127345640333676,0.6333333333333333,2.655820024647176,2.2563051917581727,2.324541885190172
132,0.13244147157190633,0.4155896055657738,0.6333333333333333,2.8550415324061773,2.246771408871311,2.3110270619471436
133,0.1334448160535117,0.41865186769632046,0.6333333333333333,3.062262130546667,2.2372076016301494,2.296318430916762
134,0.13444816053511705,0.4219289853347885,0.6333333333333333,3.27711763846808,2.2276136754802116,2.2803300110134854
135,0.1354515050167224,0.4243448251644878,0.6,1.3430718984884515,2.2179895355692447,2.2683771777299677
136,0.13645484949832776,0.42581235705506604,0.6,1.467531890578272,2.2083350867462817,2.2610465056231046
137,0.13745819397993309,0.4274123558270725,0.6,1.5999987720063946,2.1986502335606986,2.2529934948710046
138,0.13846153846153844,0.42915296718610735,0.6,1.7406113590348882,2.188934880261275,2.2441603562938424
139,0.1394648829431438,0.4310424357644424,0.6,1.8894685783350518,2.1791889307952443,2.2344856617049693
140,0.14046822742474915,0.4330890609242058,0.6,2.0466251597633933,2.1694122888073437,2.2239041498676357
141,0.1414715719063545,0.43530114833478556,0.6,2.212087410579766,2.1596048576388647,2.2123465207169417
142,0.14247491638795984,0.43768695746466274,0.6,2.385809129877181,2.149766540326694,2.199739217818039
143,0.1434782608695652,0.44025464519001367,0.6,2.5676877253509587,2.139897239602357,2.18600419937433
144,0.14448160535117055,0.4430122057872817,0.6,2.757560597267977,2.1299968578910544,2.171058698519995
145,0.1454849498327759,0.4459674076437785,0.6,2.9552018564968083,2.1200652973107,2.1548149741368734
146,0.14648829431438126,0.44912772708840915,0.6,3.16031944463066,2.11010245967095,2.137180054033235
147,0.14749163879598662,0.450804664627551,0.5666666666666667,1.316524061856783,2.1001082464722365,2.1277104454600155
148,0.14849498327759195,0.45224029843523894,0.5666666666666667,1.4356338076879915,2.090082558904787,2.119541069463061
149,0.1494983277591973,0.4538026037530031,0.5666666666666667,1.5623053177641066,2.080025297847655,2.1105849675179265
150,0.15050167224080266,0.4554992853254963,0.5666666666666667,1.6966815724931972,2.0699363638677335,2.100780122983485
151,0.15150501672240801,0.4573381564941275,0.5666666666666667,1.8388711686312398,2.059815657218777,2.0900606144822333
152,0.15250836120401337,0.4593271009604053,0.5666666666666667,1.988944466277759,2.0496630778404126,2.078356402608053
153,0.15351170568561873,0.4614740307368424,0.5666666666666667,2.1469297764371285,2.039478525357151,2.065593103196476
154,0.15451505016722406,0.4637868403739286,0.5666666666666667,2.3128096370861884,2.029261899077395,2.051691746900166
155,0.1555183946488294,0.46627335760279165,0.5666666666666667,2.4865172288630886,2.0190130979924423,2.0365685251132257
156,0.15652173913043477,0.4689412905870108,0.5666666666666667,2.6679329842191066,2.0087320207754895,2.0201345226625147
157,0.15752508361204012,0.471798172033085,0.5666666666666667,2.856881446074211,1.9984185657806282,2.0022954381401643
158,0.15852842809364548,0.4744392519584142,0.5333333333333333,1.1828584903568473,1.98807263104184,1.98557898673309
159,0.1595317725752508,0.4757292738630825,0.5333333333333333,1.2900219046683425,1.9776941142719897,1.9773345022005613
160,0.16053511705685616,0.477133442016928,0.5333333333333333,1.4041681538454476,1.9672829128618141,1.9683007450100836
161,0.16153846153846152,0.4786589099373271,0.5333333333333333,1.5254679203991761,1.9568389238789057,1.9584155056669952
162,0.16254180602006688,0.48031297535295925,0.5333333333333333,1.6540654156320944,1.9463620440666967,1.9476126390015374
163,0.16354515050167223,0.4821030502982835,0.5333333333333333,1.790074945324266,1.9358521698434372,1.9358218484563334
164,0.1645484949832776,0.48403662775037404,0.5333333333333333,1.9335774520905236,1.9253091973011718,1.922968456203522
165,0.16555183946488292,0.4861212448211022,0.5333333333333333,2.084617070728184,1.9147330222047128,1.9089731584462137
166,0.16655518394648827,0.48836444255715483,0.5333333333333333,2.24319773605261,1.9041235399906067,1.89375176546177
167,0.16755852842809363,0.49077372244279444,0.5333333333333333,2.409279885639631,1.8934806457661044,1.877214926208995
168,0.16856187290969898,0.49335649974530005,0.5333333333333333,2.5827773025055842,1.8828042343081224,1.8592678376551837
169,0.16956521739130434,0.4961200538902699,0.5333333333333333,2.7635541449698984,1.8720942000622007,1.839809939390067
170,0.17056856187290967,0.49777526252899595,0.5,1.1530801268635482,1.8613504371414642,1.8280282778581485
171,0.17157190635451502,0.4990306582008336,0.5,1.2553956718376058,1.8505728393255687,1.8190281597390878
172,0.17257525083612038,0.5003949552598845,0.5,1.3642970590509451,1.8397613000596564,1.8091839767962892
173,0.17357859531772574,0.5018749074532908,0.5,1.4799521934062976,1.8289157124533015,1.7984301791213868
174,0.1745819397993311,0.5034774136491743,0.5,1.6025061958834796,1.818035969279451,1.7866970936453803
175,0.17558528428093645,0.5052094920002653,0.5,1.7320783510910431,1.8071219629733672,1.7739106965488634
176,0.17658862876254178,0.5070782510182006,0.5,1.8687590179352342,1.7961735856315624,1.7599923705316698
177,0.17759197324414713,0.5090908575511855,0.5,2.012606532984962,1.7851907290107332,1.7448586461465412
178,0.1785953177257525,0.5112545016900998,0.5,2.163644138914289,1.77417328452669,1.7284209265684198
179,0.17959866220735785,0.5135763586631458,0.5,2.321856973045988,1.7631211432532834,1.7105851953940006
180,0.1806020066889632,0.516063547816574,0.5,2.4871891534281874,1.7520341959213273,1.6912517073525097
181,0.18160535117056853,0.517942888196821,0.4666666666666667,1.0040396749699532,1.7409123329175182,1.6764851999135875
182,0.18260869565217389,0.519038206646823,0.4666666666666667,1.0953184500019642,1.7297554442833527,1.667815689856593
183,0.18361204013377924,0.5202309477310405,0.4666666666666667,1.192741084217519,1.7185634197140383,1.6583217033066024
184,0.1846153846153846,0.5215274471770441,0.4666666666666667,1.2964994460036017,1.7073361485574057,1.647938333396182
185,0.18561872909698995,0.5229342154600525,0.4666666666666667,1.406768283008314,1.6960735198128125,1.636596555482483
186,0.1866220735785953,0.5244579179232598,0.4666666666666667,1.5237024632074325,1.6847754221300453,1.6242230018938693
187,0.18762541806020064,0.5261053520656565,0.4666666666666667,1.6474341423966532,1.6734417438082234,1.6107397213957693
188,0.188628762541806,0.527883421946234,0.4666666666666667,1.7780698805775763,1.6620723727946864,1.5960639222771928
189,0.18963210702341135,0.529799109678617,0.4666666666666667,1.9156877323829313,1.6506671966838948,1.5801076980453455
190,0.1906354515050167,0.5318594440179132,0.4666666666666667,2.0603343392961992,1.6392261027163126,1.5627777348472618
191,0.19163879598662206,0.5340714660718168,0.4666666666666667,2.212022053903556,1.6277489777772973,1.5439749999211625
192,0.19264214046822742,0.5357816342261003,0.43333333333333335,0.8729290062260697,1.6162357083959757,1.5292970231452694
193,0.19364548494983275,0.5367391849959384,0.43333333333333335,0.9575507698380836,1.6046861807441286,1.5210244098905612
194,0.1946488294314381,0.5377871560361166,0.43333333333333335,1.0479710401782305,1.5931002806350598,1.5119257769249126
195,0.19565217391304346,0.5389315318883713,0.43333333333333335,1.1443758522546865,1.5814778935224711,1.5019363306492381
196,0.19665551839464882,0.5401784690435456,0.43333333333333335,1.2469371551742936,1.5698189044993272,1.4909872900221925
197,0.19765886287625417,0.541534279541743,0.43333333333333335,1.3558104981975239,1.5581231982967223,1.4790056708202248
198,0.1986622073578595,0.5430054121874837,0.43333333333333335,1.471132645740586,1.546390659282738,1.4659140542714368
199,0.19966555183946486,0.5445984313247676,0.43333333333333335,1.593019137283852,1.5346211714613003,1.4516303388335325
200,0.2006688963210702,0.5463199931349937,0.43333333333333335,1.7215618102261743,1.5228146184710334,1.436067473933379
201,0.20167224080267557,0.5481768194407866,0.43333333333333335,1.8568263057928414,1.5109708835841116,1.419133174568237
202,0.20267558528428092,0.5501756690209071,0.43333333333333335,1.9988495801205042,1.499089849705101,1.4007296157920297
203,0.20367892976588628,0.5522488244458109,0.4,0.8054484064411449,1.4871713993698044,1.3814494542273323
204,0.2046822742474916,0.5531311512593886,0.4,0.882326813577694,1.4752154147441,1.373183955716316
205,0.20568561872909696,0.5540954462742803,0.4,0.9642950148916751,1.463221777622774,1.3641093990756668
206,0.20668896321070232,0.5551469910322033,0.4,1.051544757922962,1.451190369428355,1.3541645030374156
207,0.20769230769230768,0.5562912512797678,0.4,1.144260247564477,1.4391210712099411,1.3432840530333379
208,0.20869565217391303,0.5575338674097574,0.4,1.2426161299897154,1.4270137636420213,1.331398673537835
209,0.20969899665551836,0.5588806427680812,0.4,1.346775358323754,1.4148683270232998,1.3184345861408744
210,0.21070234113712372,0.5603375297191793,0.4,1.4568869510980798,1.4026846412755085,1.3043133522159782
211,0.21170568561872907,0.5619106133760424,0.4,1.57308365686315,1.3904625859422226,1.2889515990226867
212,0.21270903010033443,0.5636060929167476,0.4,1.6954795407050915,1.3782020401876687,1.2722607280812328
213,0.21371237458193978,0.5654302604275379,0.4,1.8241675107903144,1.3659028827955302,1.2541466046848604
214,0.21471571906354514,0.5673894772329617,0.4,1.9592168054239079,1.3535649921677484,1.23450922747827
215,0.21571906354515047,0.5682413910734683,0.36666666666666664,0.779760267374946,1.341188246323322,1.2259111144062533
216,0.21672240802675583,0.5690949774105569,0.36666666666666664,0.8535863370886798,1.3287725228970984,1.2172598459305597
217,0.21772575250836118,0.5700274961396492,0.36666666666666664,0.9325187290922798,1.3163176991385663,1.2077668988234787
218,0.21872909698996654,0.5710442411391239,0.36666666666666664,1.0167449994746558,1.3038236519106414,1.1973667083461939
219,0.2197324414715719,0.5721506838738591,0.36666666666666664,1.106442734735258,1.291290257688448,1.1859896483813164
220,0.22073578595317722,0.5733524616085419,0.36666666666666664,1.2017777346828018,1.2787173925580992,1.1735618238857728
221,0.22173913043478258,0.5746553637460866,0.36666666666666664,1.3029021375446925,1.2661049322154714,1.1600048478123015
222,0.22274247491638793,0.5760653162421057,0.36666666666666664,1.4099524960189957,1.2534527519649732,1.1452356009930122
223,0.2237458193979933,0.5775883640562816,0.36666666666666664,1.5230478141759762,1.2407607267183174,1.12916597347755
224,0.22474916387959865,0.5792306516126082,0.36666666666666664,1.6422875563266714,1.2280287309932794,1.1117025858432195
225,0.225752508361204,0.5809984012528471,0.36666666666666664,1.7677496402387916,1.2152566389124582,1.0927464890484897
226,0.22675585284280933,0.5818392383398107,0.3333333333333333,0.7125611344829808,1.202444324202033,1.083671834550887
227,0.2277591973244147,0.5826191422749862,0.3333333333333333,0.7799039351755188,1.1895916601905148,1.0752211192101053
228,0.22876254180602004,0.5834708912028397,0.3333333333333333,0.8517489278535018,1.1766985198074922,1.065954744706679
229,0.2297658862876254,0.5843991744816706,0.3333333333333333,0.9282832788309325,1.1637647755823757,1.0558113472386026
230,0.23076923076923075,0.5854088649709744,0.3333333333333333,1.0096904893038272,1.1507902996431394,1.0447256031471919
231,0.23177257525083608,0.5865050136997254,0.3333333333333333,1.0961487287509675,1.1377749637150538,1.0326279992913685
232,0.23277591973244144,0.5876928427451803,0.3333333333333333,1.1878290454548912,1.1247186391194193,1.0194445903565046
233,0.2337792642140468,0.5889777362080362,0.3333333333333333,1.2848934628558184,1.111621196772294,1.0050967420025052
234,0.23478260869565215,0.5903652291805193,0.3333333333333333,1.3874929724831397,1.0984825071832178,0.9895008586700187
235,0.2357859531772575,0.5918609946167512,0.3333333333333333,1.4957654362319217,1.0853024404539298,0.9725680947921815
236,0.23678929765886286,0.5934080491079097,0.3,0.5756994939189464,1.072080866277088,0.9549229265929964
237,0.2377926421404682,0.59404106766037,0.3,0.6330185524603404,1.0588176539349776,0.9476640670216754
238,0.23879598662207355,0.5947355370351259,0.3,0.6944693747558128,1.0455126722982193,0.9396744588767376
239,0.2397993311036789,0.5954957650000756,0.3,0.760227964949789,1.0321657898244743,0.9308969199369441
240,0.24080267558528426,0.5963262318117324,0.3,0.830466811656716,1.0187768745571422,0.9212707556435062
241,0.24180602006688962,0.5972315856326638,0.3,0.9053538209314316,1.0053457941240582,0.9107315790359753
242,0.24280936454849497,0.5982166368138879,0.3,0.9850511812241614,0.9918724157361822,0.8992111167643908
243,0.2438127090301003,0.5992863509726268,0.3,1.0697141587388548,0.9783566061862867,0.8866369998679224
244,0.24481605351170566,0.6004458407949986,0.3,1.1594898223718508,0.9647982318476407,0.872932537978635
245,0.245819397993311,0.6017003564933143,0.3,1.2545156983156391,0.9511971586726897,0.8580164755854938
246,0.24682274247491637,0.6030552748488196,0.3,1.354918355505219,0.9375532521917238,0.8418027289794017
247,0.24782608695652172,0.6042686679143039,0.26666666666666666,0.5232778385401704,0.9238663775115583,0.8271903928967279
248,0.24882943143812705,0.6048434031714012,0.26666666666666666,0.5747352570972808,0.9101363993141938,0.8202385692279264
249,0.2498327759197324,0.6054732975321575,0.26666666666666666,0.6298943607564444,0.8963631818554756,0.812596911348705
250,0.2508361204013378,0.6061622390675478,0.26666666666666666,0.6889415353903416,0.88254658896376,0.8042117117644998
251,0.2518394648829431,0.6069143017080774,0.26666666666666666,0.7520626405295161,0.8686864840385615,0.795025701211665
252,0.25284280936454845,0.6077337434283211,0.26666666666666666,0.8194417202436743,0.8547827300492052,0.7849778655116846
253,0.25384615384615383,0.6086250030602174,0.26666666666666666,0.8912596318963462,0.8408351895334691,0.7740032537788308
254,0.25484949832775916,0.6095926956594281,0.26666666666666666,0.9676925992106455,0.8268437245962303,0.7620327767776325
255,0.25585284280936454,0.6106416063562041,0.26666666666666666,1.0489106967760398,0.8128081969080929,0.7489929940965401
256,0.2568561872909699,0.6117766826299844,0.26666666666666666,1.1350762737802333,0.7987284677040343,0.7348058886839484
257,0.2578595317725752,0.6130030249553555,0.26666666666666666,1.2263423253712213,0.7846043977820152,0.7193886271857375
258,0.2588628762541806,0.613623276305797,0.23333333333333334,0.4702320017946904,0.7704358475016209,0.7115554388069989
259,0.2598662207357859,0.6141410329054209,0.23333333333333334,0.5177565996238864,0.7562226767826692,0.7049983042895027
260,0.2608695652173913,0.6147096978190394,0.23333333333333334,0.5686649136185107,0.7419647451038278,0.6977771377776993
261,0.2618729096989966,0.6153328162221895,0.23333333333333334,0.623118403150047,0.7276619115012304,0.6898412280340906
262,0.26287625418060195,0.6160140962624261,0.23333333333333334,0.6812800402365426,0.7133140345670759,0.6811366539820609
263,0.26387959866220734,0.6167574098111418,0.23333333333333334,0.7433135487157627,0.6989209724482324,0.6716060979954932
264,0.26488294314381267,0.6175667923468824,0.23333333333333334,0.8093825357405882,0.68448258284484,0.6611886481075318
265,0.26588628762541805,0.6184464418607509,0.23333333333333334,0.8796495138685412,0.6699987230088942,0.6498195884680618
266,0.2668896321070234,0.6194007166742164,0.23333333333333334,0.9542748134654944,0.655469249742846,0.6374301772957178
267,0.26789297658862876,0.6204341320609185,0.23333333333333334,1.0334153867020412,0.640894019398174,0.6239474114796479
268,0.2688963210702341,0.6211527091442307,0.2,0.3801782014580257,0.6262728878739754,0.6145317293293067
269,0.2698996655518394,0.6215728239285903,0.2,0.42011478435949323,0.6116057106155335,0.609011404632668
270,0.2709030100334448,0.6220359037526133,0.2,0.4630798240231049,0.5968923426128923,0.6029132625786939
271,0.27190635451505013,0.6225451335986996,0.2,0.5092298460862565,0.5821326383994219,0.5961913029284469
272,0.2729096989966555,0.6231038558662637,0.2,0.558722267564149,0.5673264520503789,0.5887965997709284
273,0.27391304347826084,0.6237155706706086,0.2,0.6117148043447984,0.5524736371814667,0.5806771587711443
274,0.27491638795986617,0.6243839355024885,0.2,0.6683648318799862,0.5375740469473866,0.571777764988755
275,0.27591973244147155,0.6251127641979379,0.2,0.7288286954493794,0.5226275340403861,0.5620398202191317
276,0.2769230769230769,0.6259060251643347,0.2,0.7932609663968693,0.5076339506887999,0.5514011687609206
277,0.27792642140468227,0.6267678388052242,0.2,0.8618136408895527,0.4925931486555939,0.5397959104681345
278,0.2789297658862876,0.6273346208833439,0.16666666666666666,0.31032189786905917,0.4775049792368966,0.5321366657909663
279,0.2799331103678929,0.6276785130716119,0.16666666666666666,0.3438921882680246,0.46236929326053033,0.5274790199632831
280,0.2809364548494983,0.6280585466165447,0.16666666666666666,0.3800335449327674,0.44718594108453225,0.5223226902155598
281,0.28193979933110364,0.6284774437737346,0.16666666666666666,0.4188971571899569,0.4319547725956827,0.5166278568799769
282,0.282943143812709,0.6289380811911105,0.16666666666666666,0.4606374173758976,0.41667563720801226,0.5103519871405098
283,0.28394648829431435,0.6294434924907986,0.16666666666666666,0.5054112996879523,0.4013483838613219,0.5034496951110885
284,0.2849498327759197,0.6299968701685303,0.16666666666666666,0.5533776777318367,0.3859728610196802,0.49587259671442085
285,0.28595317725752506,0.630601566750834,0.16666666666666666,0.6046965823037209,0.3705489166699323,0.48756915866281814
286,0.2869565217391304,0.6312610951520115,0.16666666666666666,0.6595284011773894,0.3550763983201968,0.47848454072697866
287,0.28795986622073577,0.6318818643279096,0.13333333333333333,0.22291033404908678,0.33955515299834804,0.4699067947009601
288,0.2889632107023411,0.6321313266585158,0.13333333333333333,0.2494623306062982,0.3239850272505196,0.466452343951703
289,0.2899665551839465,0.6324094296068987,0.13333333333333333,0.2781029483828745,0.30836586713957637,0.4625962810003883
290,0.2909698996655518,0.6327183873819959,0.13333333333333333,0.3089577750971517,0.29269751824359425,0.4583061969218005
291,0.29197324414715714,0.6330605442731252,0.13333333333333333,0.34215689112937486,0.276979825654335,0.4535474933044443
292,0.2929765886287625,0.6334383789249438,0.13333333333333333,0.3778346518186204,0.26121263397571415,0.4482832550051863
293,0.29397993311036785,0.6338545083290521,0.13333333333333333,0.4161294041082897,0.2453957873222654,0.4424741169078663
294,0.29498327759197324,0.6343116914630649,0.13333333333333333,0.457183134012773,0.22952912931759606,0.43607812446965255
295,0.29598662207357856,0.6348128325050506,0.13333333333333333,0.5011410419856199,0.21361250309284951,0.42905058778287897
296,0.2969899665551839,0.6351829469614114,0.1,0.15509402629626523,0.19764575128514217,0.42384929409715966
297,0.2979933110367893,0.6353586179673415,0.1,0.17567100593007812,0.18162871603601527,0.4213772321453737
298,0.2989966555183946,0.6355565858251655,0.1,0.1979678578239441,0.16556123898987707,0.4185888407329599
299,0.3,0.6357786809677419,0.1,0.22209514257648388,0.1494431612924263,0.41545737562036633
